date,月末残高,前月比増減
2003-02-28,0.0,
2003-04-30,162514.0,162514.0
2003-05-31,172331.0,9817.0
2003-06-30,461353.0,289022.0
2003-07-31,440605.0,-20748.0
2003-08-31,272436.0,-168169.0
2003-09-30,209217.0,-63219.0
2005-06-30,1959860.0,1750643.0
2007-08-31,3928553.0,1968693.0
2007-09-30,4077209.0,148656.0
2007-10-31,4114880.0,37671.0
2007-11-30,3808294.0,-306586.0
2008-02-29,4113019.0,304725.0
2008-03-31,3959251.0,-153768.0
2008-04-30,4015855.0,56604.0
2008-05-31,4082376.0,66521.0
2008-06-30,4561803.0,479427.0
2008-07-31,4549693.0,-12110.0
2008-08-31,4442859.0,-106834.0
2008-09-30,4584848.0,141989.0
2008-10-31,4459848.0,-125000.0
2008-11-30,4429262.0,-30586.0
2008-12-31,4712749.0,283487.0
2009-01-31,4634047.0,-78702.0
2009-02-28,4766279.0,132232.0
2009-03-31,4496415.0,-269864.0
2009-04-30,4656330.0,159915.0
2009-05-31,4560823.0,-95507.0
2009-06-30,4579554.0,18731.0
2009-07-31,4985998.0,406444.0
2009-08-31,4980107.0,-5891.0
2009-11-30,5131442.0,151335.0
2009-12-31,5747869.0,616427.0
2010-01-31,5605613.0,-142256.0
2010-02-28,6071006.0,465393.0
2010-04-30,6024680.0,-46326.0
2010-06-30,6691535.0,666855.0
2010-08-31,6651308.0,-40227.0
2010-10-31,6748510.0,97202.0
2010-12-31,7402112.0,653602.0
2011-01-31,7487068.0,84956.0
2011-02-28,7344462.0,-142606.0
2011-03-31,7285789.0,-58673.0
2011-04-30,7413941.0,128152.0
2011-05-31,7450097.0,36156.0
2011-06-30,8133474.0,683377.0
2011-07-31,8275526.0,142052.0
2011-08-31,8387755.0,112229.0
2011-09-30,8472932.0,85177.0
2011-10-31,8499080.0,26148.0
2011-11-30,8595515.0,96435.0
2011-12-31,8969607.0,374092.0
2012-01-31,9365803.0,396196.0
2012-02-29,9353170.0,-12633.0
2012-03-31,9342846.0,-10324.0
2012-06-30,9970000.0,627154.0
2012-07-31,9710160.0,-259840.0
2012-08-31,9704592.0,-5568.0
2012-09-30,9716413.0,11821.0
2012-10-31,9729445.0,13032.0
2012-11-30,9740207.0,10762.0
2012-12-31,10431597.0,691390.0
2013-01-31,10215151.0,-216446.0
2013-03-31,10535485.0,320334.0
2013-04-30,10511375.0,-24110.0
2013-05-31,10646556.0,135181.0
2013-06-30,11465891.0,819335.0
2013-07-31,11458852.0,-7039.0
2013-09-30,11364470.0,-94382.0
2013-10-31,11209121.0,-155349.0
2013-11-30,11086701.0,-122420.0
2014-03-31,11712122.0,625421.0
2014-04-30,11725347.0,13225.0
2014-05-31,11748094.0,22747.0
2014-06-30,12186535.0,438441.0
2014-09-30,12006827.0,-179708.0
2014-10-31,11953533.0,-53294.0
2014-11-30,12010311.0,56778.0
2014-12-31,11885453.0,-124858.0
2015-03-31,12289030.0,403577.0
2015-04-30,12319330.0,30300.0
2015-05-31,12180085.0,-139245.0
2015-06-30,13004965.0,824880.0
2015-07-31,12825575.0,-179390.0
2015-09-30,12921626.0,96051.0
2015-10-31,12964951.0,43325.0
2015-11-30,12700743.0,-264208.0
2015-12-31,13192157.0,491414.0
2016-01-31,13246210.0,54053.0
2016-02-29,13296526.0,50316.0
2016-03-31,13336608.0,40082.0
2016-04-30,13265427.0,-71181.0
2016-05-31,13304251.0,38824.0
2016-06-30,14002025.0,697774.0
2016-07-31,13949414.0,-52611.0
2016-08-31,13931233.0,-18181.0
2016-09-30,14071855.0,140622.0
2016-10-31,14026650.0,-45205.0
2016-11-30,14115113.0,88463.0
2016-12-31,14781407.0,666294.0
2017-01-31,14842141.0,60734.0
2017-02-28,14758472.0,-83669.0
2017-03-31,14581703.0,-176769.0
2017-04-30,14708293.0,126590.0
2017-05-31,14619039.0,-89254.0
2017-06-30,15272757.0,653718.0
2017-07-31,15332420.0,59663.0
2017-08-31,15358805.0,26385.0
2017-09-30,15310467.0,-48338.0
2017-10-31,15103226.0,-207241.0
2017-11-30,14964258.0,-138968.0
2017-12-31,15680838.0,716580.0
2018-01-31,15834989.0,154151.0
2018-02-28,15801971.0,-33018.0
2018-03-31,15872751.0,70780.0
2018-04-30,15976999.0,104248.0
2018-05-31,15980442.0,3443.0
2018-06-30,16662556.0,682114.0
2018-07-31,16727632.0,65076.0
2018-08-31,16707870.0,-19762.0
2018-09-30,16705408.0,-2462.0
2018-10-31,16528854.0,-176554.0
2018-11-30,16667149.0,138295.0
2018-12-31,17321541.0,654392.0
2019-01-31,17275704.0,-45837.0
2019-02-28,17333979.0,58275.0
2019-03-31,17448930.0,114951.0
2019-04-30,17640755.0,191825.0
2019-05-31,17603896.0,-36859.0
2019-06-30,18610893.0,1006997.0
2019-07-31,18592345.0,-18548.0
2019-08-31,18635751.0,43406.0
2019-09-30,18682543.0,46792.0
2019-10-31,18714516.0,31973.0
2019-11-30,18817304.0,102788.0
2019-12-31,19763512.0,946208.0
2020-01-31,19771864.0,8352.0
2020-02-29,19996832.0,224968.0
2020-03-31,20075458.0,78626.0
2020-04-30,20206894.0,131436.0
2020-05-31,20308393.0,101499.0
2020-06-30,21387947.0,1079554.0
2020-07-31,21517400.0,129453.0
2020-08-31,21857070.0,339670.0
2020-09-30,22059805.0,202735.0
2020-10-31,21990657.0,-69148.0
2020-11-30,22195838.0,205181.0
2020-12-31,23151636.0,955798.0
2021-01-31,23318282.0,166646.0
2021-02-28,23515078.0,196796.0
2021-03-31,23616305.0,101227.0
2021-04-30,23788342.0,172037.0
2021-05-31,23870873.0,82531.0
2021-06-30,24990756.0,1119883.0
2021-07-31,25167508.0,176752.0
2021-08-31,25194577.0,27069.0
2021-09-30,25012308.0,-182269.0
2021-10-31,25045069.0,32761.0
2021-11-30,25135752.0,90683.0
2021-12-31,26184166.0,1048414.0
2022-01-31,26192422.0,8256.0
2022-02-28,26158771.0,-33651.0
2022-03-31,26241102.0,82331.0
2022-04-30,26416441.0,175339.0
2022-05-31,26307615.0,-108826.0
2022-06-30,27479389.0,1171774.0
2022-07-31,27580066.0,100677.0
2022-08-31,27634508.0,54442.0
2022-09-30,27762505.0,127997.0
2022-10-31,27889725.0,127220.0
2022-11-30,27979736.0,90011.0
2022-12-31,28958396.0,978660.0
2023-01-31,28869990.0,-88406.0
2023-02-28,29011407.0,141417.0
2023-03-31,29057234.0,45827.0
2023-04-30,29169402.0,112168.0
2023-05-31,29103943.0,-65459.0
2023-06-30,30115442.0,1011499.0
2023-07-31,30199121.0,83679.0
2023-08-31,29497100.0,-702021.0
2023-09-30,29485776.0,-11324.0
2023-10-31,29544194.0,58418.0
2023-11-30,29335086.0,-209108.0
2023-12-31,30278331.0,943245.0
2024-01-31,28777744.0,-1500587.0
2024-02-29,29877526.0,1099782.0
2024-03-31,29821782.0,-55744.0
2024-04-30,29812078.0,-9704.0
2024-05-31,29823055.0,10977.0
2024-06-30,31013575.0,1190520.0
2024-07-31,31019268.0,5693.0
2024-08-31,31033582.0,14314.0
2024-09-30,31066009.0,32427.0
2024-10-31,30987168.0,-78841.0
2024-11-30,31024463.0,37295.0
2024-12-31,32131553.0,1107090.0
2025-01-31,32194159.0,62606.0
2025-02-28,32082720.0,-111439.0
2025-03-31,32093113.0,10393.0
2025-04-30,32219820.0,126707.0
2025-05-31,32352102.0,132282.0
2025-06-30,33640255.0,1288153.0
2025-07-31,33819985.0,179730.0
2025-08-31,34156000.0,336015.0
2025-09-30,34239977.0,83977.0
2025-10-31,34466589.0,226612.0
2025-11-30,34712579.0,245990.0
2025-12-31,36023645.0,1311066.0
2026-01-31,36006392.0,-17253.0
2026-02-28,36233488.0,227096.0
2026-03-31,36210136.0,-23352.0
2026-04-30,36335751.0,125615.0
2026-05-31,36548605.0,212854.0
2026-06-30,37454765.0,906160.0
